雪地绒袜子    ,https://detail.1688.com/offer/575184116238.html?spm=b26110380.8015204.tkhy006.2.568161efhHLKBP
民族风袜子    ,https://detail.1688.com/offer/559879246962.html?spm=b26110380.7925698.1688002.2.6f7761efhfrM6c
小清新袜子    ,https://detail.1688.com/offer/558322200742.html?spm=b26110380.8015204.tkhy006.16.3b6c61efmRlKmA
金色刺绣袜子   ,https://detail.1688.com/offer/559208406991.html?spm=b26110380.sw1688.mof001.595.1a5d594eVi4WI6
男防滑隐形袜   ,https://detail.1688.com/offer/564587559890.html?spm=a261y.7663282.hotsale.2.418276f0usvjfB
兔羊毛加厚男女袜子,https://detail.1688.com/offer/554212765358.html?spm=b26110380.sw1688.mof001.490.74963100HX7Nwo
防静电袜子    ,https://detail.1688.com/offer/567416940312.html?spm=b26110380.sw1688.mof001.41.2538efa7xDISRd&tracelog=p4p&clickid=0c67250c217a41499f86f22852ab945a&sessionid=c1ea016c3e6ad871caf934f80baf8d7c
雪地女袜     ,https://detail.1688.com/offer/576302240562.html?spm=a261y.7663282.hotsale.3.1e7780d2hpJlqP
婴儿袜      ,https://detail.1688.com/offer/576527405846.html?spm=b26110380.8015204.1688002.2.24e961efeNcT1s
女童中筒袜    ,https://detail.1688.com/offer/574378797879.html?spm=b26110380.sw1688.mof001.167.221b27f2e4NyT9
刺绣礼盒袜    ,https://detail.1688.com/offer/575641706978.html?spm=b26110380.sw1688.mof001.309.4650148cDpAhaq
刺绣商务男袜   ,https://detail.1688.com/offer/562151199961.html?spm=b26110380.sw1688.mof001.62.3145251c1v9hfH
足球袜      ,https://detail.1688.com/offer/555297008312.html?spm=b26110380.sw1688.mof001.23.698a7bdcHelQCW
篮球袜      ,https://detail.1688.com/offer/542929004785.html?spm=b26110380.sw1688.mof001.1.698a7bdcHelQCW
